"id","username","hashedpassword","salt","fullname","createdby_admin"
1,"ncastellanos0","30b4d09dfee928f03c248f47c05452ad","Hash_DRBG,SHA-256,128,reseed_only","Neall Castellanos",8
2,"janlay1","abbcc43bcb79edd2e93c49867fb79c2f","Hash_DRBG,SHA-256,128,reseed_only","Jeri Anlay",20
3,"mmaple2","5efcee75efea7428b01cd88dca1b4571","Hash_DRBG,SHA-256,128,reseed_only","Merle Maple",8
4,"cbluett3","4b657868eba28ecf747e13b46f678f20","Hash_DRBG,SHA-256,128,reseed_only","Constanta Bluett",3
5,"epaxforde4","52eaa54dd7a644ba5879f622c9e49e2b","Hash_DRBG,SHA-256,128,reseed_only","Erma Paxforde",10
6,"hleonardi5","8a74d20cc2637ed00a41e67d6729e625","Hash_DRBG,SHA-256,128,reseed_only","Hendrika Leonardi",11
7,"kmerrell6","1dc37669f0b1d5f198df45d7f2faeef4","Hash_DRBG,SHA-256,128,reseed_only","Kiley Merrell",3
8,"ovaz7","a7c0d42363daab9c0ab56b378337252b","Hash_DRBG,SHA-256,128,reseed_only","Oliy Vaz",5
9,"lserrurier8","ca6f76cd34513a385095bb83ea83463a","Hash_DRBG,SHA-256,128,reseed_only","Lynette Serrurier",16
10,"nholyland9","c347bc7167ac2510cc14b1e91ccb2d22","Hash_DRBG,SHA-256,128,reseed_only","Norma Holyland",9
11,"cberkleya","66acf23da5fe1597cd24ff73567862e6","Hash_DRBG,SHA-256,128,reseed_only","Cayla Berkley",5
12,"dlismoreb","647fe245c3a6b9f2d6a04e8e7363087b","Hash_DRBG,SHA-256,128,reseed_only","Dona Lismore",19
13,"yyetmanc","0872e0d8a80ba72fb8e815f74b47ade4","Hash_DRBG,SHA-256,128,reseed_only","Yvonne Yetman",18
14,"ovittored","09a45d11123a5749fd046ae3fae7dabe","Hash_DRBG,SHA-256,128,reseed_only","Orel Vittore",18
15,"ncavye","41da5dfba673361e35bceae14c344670","Hash_DRBG,SHA-256,128,reseed_only","Netta Cavy",13
16,"ekerbeyf","86a983f8e56506ba7e3c1839250eca71","Hash_DRBG,SHA-256,128,reseed_only","Eldridge Kerbey",12
17,"ghulseg","48522146f5b592754cc3d3238fc9acca","Hash_DRBG,SHA-256,128,reseed_only","Gusta Hulse",18
18,"kbatramh","ffc458814de6b6227a0be3747cfc47a3","Hash_DRBG,SHA-256,128,reseed_only","Killian Batram",8
19,"creadheadi","0c4c307ba3a7472f363b6e7a445669c1","Hash_DRBG,SHA-256,128,reseed_only","Chad Readhead",11
20,"ocluesj","a07ec2fee1c581b59ed3d38a491bc690","Hash_DRBG,SHA-256,128,reseed_only","Obadias Clues",18
21,"root","A7EC19F69105FD276EE57E4EDFBEF5B8","Hash_DRBG,SHA-256,128,reseed_only","ROOT",1
