"id","username","hashedpassword","salt","fullname"
1,"clapham0","c78f7053096160add440f7388f49aabc","Hash_DRBG,SHA-256,128,reseed_only","Claudie Lapham"
2,"rpostle1","bea99a0612a57b59c7a146eca397dcec","Hash_DRBG,SHA-256,128,reseed_only","Riannon Postle"
3,"rcutten2","d701d77638d6bc2c0604fccdb1116a39","Hash_DRBG,SHA-256,128,reseed_only","Rheba Cutten"
4,"plargent3","791fea80382465d588103dd503432b58","Hash_DRBG,SHA-256,128,reseed_only","Phil L'argent"
5,"lyanyshev4","7402d111dd5e41a809e8de3ec3f8e09f","Hash_DRBG,SHA-256,128,reseed_only","Lin Yanyshev"
6,"tdundredge5","409cc1e15cfab51c368acdef81a77e9f","Hash_DRBG,SHA-256,128,reseed_only","Thatcher Dundredge"
7,"bloughhead6","bbc00bc6730b970ee23f635f67ef13c1","Hash_DRBG,SHA-256,128,reseed_only","Buffy Loughhead"
8,"strye7","1139aab42a5fc8cd06e8a35aaf7d0474","Hash_DRBG,SHA-256,128,reseed_only","Sofie Trye"
9,"jwestrey8","f2c0d341ab1fae2727fc422b276a029e","Hash_DRBG,SHA-256,128,reseed_only","Jania Westrey"
10,"kdrysdall9","b159145cafc3a90432f92d2c5903278d","Hash_DRBG,SHA-256,128,reseed_only","Kim Drysdall"
11,"nchristoua","fe6ed30f9c09f3a52b060c4521014d77","Hash_DRBG,SHA-256,128,reseed_only","Nalani Christou"
12,"dkauffmanb","14c60e86fa73779a2c4dab6ca8130e9e","Hash_DRBG,SHA-256,128,reseed_only","Dagny Kauffman"
13,"cbrettellec","d07bbed7032b1ba076e3865c8ea9fb63","Hash_DRBG,SHA-256,128,reseed_only","Carline Brettelle"
14,"uandreid","bbbfb711a426477c967b7ea02022403c","Hash_DRBG,SHA-256,128,reseed_only","Ulrick Andrei"
15,"creagane","cdf7b53c953a6b7b1a0725524f6ff90b","Hash_DRBG,SHA-256,128,reseed_only","Clayborn Reagan"
16,"arobillardf","3ddeaf3c1983a7188d6621c0e61cf5a5","Hash_DRBG,SHA-256,128,reseed_only","Austin Robillard"
17,"sbaldig","007ee6e5623b98ed5de53c12d01528e3","Hash_DRBG,SHA-256,128,reseed_only","Sammie Baldi"
18,"wbuxceyh","4aa60b2da1a81cf6f927b674170cfff9","Hash_DRBG,SHA-256,128,reseed_only","Weber Buxcey"
19,"gwhelbandi","a6b4c59a96339131aa5e2e24340ef8b6","Hash_DRBG,SHA-256,128,reseed_only","Georgeta Whelband"
20,"iarpurj","4a10534ef9715b846e9820ff6e20242b","Hash_DRBG,SHA-256,128,reseed_only","Idell Arpur"
21,"jkaaskooperk","655af6f49784e61301d1d9f32fc7684e","Hash_DRBG,SHA-256,128,reseed_only","Johnathan Kaaskooper"
22,"rfesbyl","079d274cc698114bed679e79e75c58be","Hash_DRBG,SHA-256,128,reseed_only","Rubie Fesby"
23,"bascoughm","09272a3b8a249a957e7224fb8b9798af","Hash_DRBG,SHA-256,128,reseed_only","Bay Ascough"
24,"ustacyn","a681955a5e392a8ab2fd9fba67a8ad62","Hash_DRBG,SHA-256,128,reseed_only","Ursa Stacy"
25,"dvono","a13a3a433cf16f4aefd84615caf0c645","Hash_DRBG,SHA-256,128,reseed_only","Dalila von Grollmann"
26,"nmaassp","940d9e1d6c0cccfff56de92c2ed300a3","Hash_DRBG,SHA-256,128,reseed_only","Niles Maass"
27,"ncarneckq","7917f87321d712fd50bec49476f3f1b1","Hash_DRBG,SHA-256,128,reseed_only","Neila Carneck"
28,"tamortsr","88b9b74de3d8bab4ccd5be8950da0dcc","Hash_DRBG,SHA-256,128,reseed_only","Trista Amorts"
29,"bdyetts","03e002e135af56c90cdae6ace6593e89","Hash_DRBG,SHA-256,128,reseed_only","Brien Dyett"
30,"bpetrollit","985ba97dbb170beef34f6c78a101669b","Hash_DRBG,SHA-256,128,reseed_only","Burke Petrolli"
31,"zcandishu","e8682f90d007ccff309e7b61fcd70b9f","Hash_DRBG,SHA-256,128,reseed_only","Zachary Candish"
32,"egaughanv","53af2e9329e0ff941b52021aa6ae9612","Hash_DRBG,SHA-256,128,reseed_only","Elisabetta Gaughan"
33,"oleonidaw","9ccc9e5d143701046501aad7557c6d2b","Hash_DRBG,SHA-256,128,reseed_only","Oswell Leonida"
34,"jjehux","8ea2f630037212ebf7e9e753d9085fb2","Hash_DRBG,SHA-256,128,reseed_only","Janeen Jehu"
35,"pkobelty","a9d5e7f9c1e67c15f1e3a77817cd35ba","Hash_DRBG,SHA-256,128,reseed_only","Prissie Kobelt"
36,"tsmullenz","f61a4506c663e26b6f7e7efc80aaf3cb","Hash_DRBG,SHA-256,128,reseed_only","Tremain Smullen"
37,"charston10","2ba4fc7bc5da9547f2905993520b51d6","Hash_DRBG,SHA-256,128,reseed_only","Chiquia Harston"
38,"cspeir11","af8f3dc06824b15e8c8b80384398c1db","Hash_DRBG,SHA-256,128,reseed_only","Constancy Speir"
39,"gspreag12","eedb633762f9248a13d0bfe1615b9c94","Hash_DRBG,SHA-256,128,reseed_only","Gay Spreag"
40,"gconti13","d3ba4c57dc6bfa1374e2f2d9753f086c","Hash_DRBG,SHA-256,128,reseed_only","Galen Conti"
41,"totteridge14","37dad1521532b5de564bc0e99525d6a3","Hash_DRBG,SHA-256,128,reseed_only","Talbot Otteridge"
42,"bsouthern15","4df9abbea138811a2ba1094b27e59974","Hash_DRBG,SHA-256,128,reseed_only","Bax Southern"
43,"kridsdell16","32e6af47aaf2dcccacc116ac9533acdf","Hash_DRBG,SHA-256,128,reseed_only","Karil Ridsdell"
44,"mbirley17","1e96220fefec5b83a84a205bc9699a98","Hash_DRBG,SHA-256,128,reseed_only","Micheal Birley"
45,"alinny18","879e0bc6ec5698d1d790e2e8a3331dd6","Hash_DRBG,SHA-256,128,reseed_only","Angelia Linny"
46,"sburghill19","0bbf7ad61cbe940823f9da95a07fb2ff","Hash_DRBG,SHA-256,128,reseed_only","Shaine Burghill"
47,"jstretton1a","02d0ab8a9a160a79f8b7b507ef693502","Hash_DRBG,SHA-256,128,reseed_only","Juieta Stretton"
48,"brisbridger1b","d27db1fc9913e443b69da8e0c136bdf6","Hash_DRBG,SHA-256,128,reseed_only","Bennie Risbridger"
49,"mgligorijevic1c","e944d7a2409f5405e920753bdf3e1a54","Hash_DRBG,SHA-256,128,reseed_only","Melodie Gligorijevic"
50,"moconor1d","a4fe082e960f1a8a0e9700ea61ce9e6b","Hash_DRBG,SHA-256,128,reseed_only","Marlane O'Conor"
51,"lmcarthur1e","640f95763d128b7057734937aab7ad58","Hash_DRBG,SHA-256,128,reseed_only","Llewellyn McArthur"
52,"sarboin1f","5faf40b454e1e2bdca24b6e713d78e6f","Hash_DRBG,SHA-256,128,reseed_only","Somerset Arboin"
53,"skeesman1g","9fe97f521424fe33a8c5cda12eeda5af","Hash_DRBG,SHA-256,128,reseed_only","Serena Keesman"
54,"ploseke1h","24c99584e72d74c567139d35e47a94c7","Hash_DRBG,SHA-256,128,reseed_only","Pippy Loseke"
55,"schettoe1i","4efd60e1de8b068f87773dcbffd4ed86","Hash_DRBG,SHA-256,128,reseed_only","Sander Chettoe"
56,"gmemmory1j","5bf8dde65cf465ac73c769d0e45d7e3e","Hash_DRBG,SHA-256,128,reseed_only","Giacinta Memmory"
57,"iaugustin1k","ba2732785dd007bdded28054701f3041","Hash_DRBG,SHA-256,128,reseed_only","Iosep Augustin"
58,"qgrizard1l","d964ea369db7907ac376a0e56533782a","Hash_DRBG,SHA-256,128,reseed_only","Quint Grizard"
59,"gwoodwind1m","fd29be557f2335341099778779cbb8af","Hash_DRBG,SHA-256,128,reseed_only","Gran Woodwind"
60,"nrudinger1n","fa56fd804c86f43e1afb93d47c2a64da","Hash_DRBG,SHA-256,128,reseed_only","Nalani Rudinger"
61,"jfranzettoini1o","79f505ef5766b31ef8a3105ec3be312b","Hash_DRBG,SHA-256,128,reseed_only","Justus Franzettoini"
62,"afearnley1p","6ce40b1c6d61fbdd7651bd102872ae98","Hash_DRBG,SHA-256,128,reseed_only","Ansel Fearnley"
63,"rtunniclisse1q","b23c81ac5eb24256e6822759de30b6e1","Hash_DRBG,SHA-256,128,reseed_only","Roanne Tunniclisse"
64,"wgott1r","cca5c27c905ad39e7fc3eded21fdfbdc","Hash_DRBG,SHA-256,128,reseed_only","Win Gott"
65,"kebbotts1s","3b040aa1c070659532b9327fe71fd65e","Hash_DRBG,SHA-256,128,reseed_only","Kimberley Ebbotts"
66,"hguild1t","94ca1014169290e8dacb197dbfcff940","Hash_DRBG,SHA-256,128,reseed_only","Harman Guild"
67,"jminghella1u","35ea8736419b46addb4a1711f79c9bc3","Hash_DRBG,SHA-256,128,reseed_only","Joy Minghella"
68,"vleach1v","543c0442c89b6b95a6a18dcae6ae9e87","Hash_DRBG,SHA-256,128,reseed_only","Vern Leach"
69,"abirnie1w","f945dd9d7d14f4cb72aed8c1fa9623a6","Hash_DRBG,SHA-256,128,reseed_only","Al Birnie"
70,"ikavanagh1x","eefb083f1a25563ae1b341e18499a2ed","Hash_DRBG,SHA-256,128,reseed_only","Isadore Kavanagh"
71,"hschechter1y","de622e5452a224f875e290b612e90cde","Hash_DRBG,SHA-256,128,reseed_only","Haze Schechter"
72,"vfilisov1z","870da259661742c4c5f1354c194e5847","Hash_DRBG,SHA-256,128,reseed_only","Venita Filisov"
73,"cdonke20","317a4bc0afcdd8f2d3f746697a3ee1c8","Hash_DRBG,SHA-256,128,reseed_only","Cyrill Donke"
74,"kclemes21","f785511ef9b7de6bbc0212f1bba97d71","Hash_DRBG,SHA-256,128,reseed_only","Kym Clemes"
75,"cstronghill22","0f1f70c8a062f117c92191c6d4d10889","Hash_DRBG,SHA-256,128,reseed_only","Claybourne Stronghill"
76,"fbernardes23","ddca189cfdef16a9d1a638923b9a9f31","Hash_DRBG,SHA-256,128,reseed_only","Franciska Bernardes"
77,"zottosen24","8a6d9666da499c1f4be364aad1d456a6","Hash_DRBG,SHA-256,128,reseed_only","Zora Ottosen"
78,"csigg25","e136ac4ffcd9c294939b6235e5db67c6","Hash_DRBG,SHA-256,128,reseed_only","Corbin Sigg"
79,"wgasker26","e3e4c066fc2fc26a1247c68a7544deb9","Hash_DRBG,SHA-256,128,reseed_only","Weidar Gasker"
80,"cclamo27","d03e73f0a0d3540380303b4b6f3cd45a","Hash_DRBG,SHA-256,128,reseed_only","Catherine Clamo"
81,"kshory28","23a19d794e2d85d8743cc3784611761e","Hash_DRBG,SHA-256,128,reseed_only","Kenyon Shory"
82,"hlaying29","a425225d02eeaa584719b6dccf96e276","Hash_DRBG,SHA-256,128,reseed_only","Ham Laying"
83,"hweaving2a","6714d38efd3c880cf88603e99c291cdb","Hash_DRBG,SHA-256,128,reseed_only","Huntley Weaving"
84,"mwhelpdale2b","3da2c1b9b9bef4dc8e77253298db17a0","Hash_DRBG,SHA-256,128,reseed_only","Man Whelpdale"
85,"cvalder2c","378e210335a274dc0c78a537e2e1e724","Hash_DRBG,SHA-256,128,reseed_only","Carline Valder"
86,"kgosland2d","6911ed773e6ef6357581baeee016089b","Hash_DRBG,SHA-256,128,reseed_only","Kara Gosland"
87,"gmckeating2e","0bba346bc7b235e700497bd2e9dcb7c5","Hash_DRBG,SHA-256,128,reseed_only","Granville McKeating"
88,"hbithany2f","6472c80730fde1af584d6210a42e8ef9","Hash_DRBG,SHA-256,128,reseed_only","Hubert Bithany"
89,"nhurdedge2g","7a29b894fbb65b651684781fad441948","Hash_DRBG,SHA-256,128,reseed_only","Natale Hurdedge"
90,"griehm2h","1d58d42dbdb5fcf4e2fcb9874a920edd","Hash_DRBG,SHA-256,128,reseed_only","Garland Riehm"
91,"bprugel2i","7620097416808db84d36189ea6b4df1c","Hash_DRBG,SHA-256,128,reseed_only","Brady Prugel"
92,"sdemetr2j","99ad21e07b8c5716425be0d5b9ee3585","Hash_DRBG,SHA-256,128,reseed_only","Sephira Demetr"
93,"sokerin2k","49746cd2a2724b55217bcc1b9b993f41","Hash_DRBG,SHA-256,128,reseed_only","Shalne O'Kerin"
94,"lsacaze2l","201b5489168ac688e79e85d030d00d4a","Hash_DRBG,SHA-256,128,reseed_only","Livy Sacaze"
95,"cwince2m","f694f7572dfb1853d3abd7b685215a6e","Hash_DRBG,SHA-256,128,reseed_only","Cindee Wince"
96,"igaylor2n","60271772b7128ef3020c82a1fe279b5c","Hash_DRBG,SHA-256,128,reseed_only","Inez Gaylor"
97,"ddmisek2o","711254ad1c5543412709119365d7dfa0","Hash_DRBG,SHA-256,128,reseed_only","Dennie Dmisek"
98,"cdugmore2p","0027d5e35673bed981e399675aade6bc","Hash_DRBG,SHA-256,128,reseed_only","Cornela Dugmore"
99,"bgarioch2q","d5303250793df3b36e21645435dc71bb","Hash_DRBG,SHA-256,128,reseed_only","Bealle Garioch"
100,"stranter2r","df6d0c61e0317a11b32d399e06824941","Hash_DRBG,SHA-256,128,reseed_only","Staffard Tranter"
101,"dblasik2s","b5c42ee2e406449af92a065bdcfeee19","Hash_DRBG,SHA-256,128,reseed_only","Daisy Blasik"
102,"slaudham2t","e10436809c09065718e6803b261776ab","Hash_DRBG,SHA-256,128,reseed_only","Simon Laudham"
103,"emccree2u","38ef63200560f3555024026461f5c523","Hash_DRBG,SHA-256,128,reseed_only","Elonore McCree"
104,"crubery2v","bf2638a3370208f900b7eee8525e6edc","Hash_DRBG,SHA-256,128,reseed_only","Calida Rubery"
105,"bwood2w","6222add68609749bf1ed60dcba76c6f5","Hash_DRBG,SHA-256,128,reseed_only","Borden Wood"
106,"dlazenbury2x","c19055ec5652d58bd73df7a761086a55","Hash_DRBG,SHA-256,128,reseed_only","Darrell Lazenbury"
107,"ngawler2y","cfb24a9a3d4ebabb227befd2783bd396","Hash_DRBG,SHA-256,128,reseed_only","Niko Gawler"
108,"wtissington2z","6dee31b5b007e949105205240ff7be2d","Hash_DRBG,SHA-256,128,reseed_only","Walliw Tissington"
109,"sjoriot30","79b68fb947185883096bace2f0ae05d2","Hash_DRBG,SHA-256,128,reseed_only","Sanders Joriot"
110,"pdaveren31","a40eef9c2c1ffd2c9bbb6528846987a6","Hash_DRBG,SHA-256,128,reseed_only","Paloma Daveren"
111,"kdrabble32","0768e22e71a6d0d7f615533092c1d00f","Hash_DRBG,SHA-256,128,reseed_only","Kerianne Drabble"
112,"gmartijn33","51166ba04e58cf3642dc23981b5d3fbf","Hash_DRBG,SHA-256,128,reseed_only","Goldy Martijn"
113,"spleasance34","1445e6cd1d3a7ba7b039bf7c083d4b4c","Hash_DRBG,SHA-256,128,reseed_only","Saraann Pleasance"
114,"kbulcroft35","f05388414b38f3c9e52f0ee4990dd720","Hash_DRBG,SHA-256,128,reseed_only","Konstantin Bulcroft"
115,"blardier36","7b1f78c95f961703b0df22d409a0560c","Hash_DRBG,SHA-256,128,reseed_only","Bryn Lardier"
116,"bfiveash37","1f14d1a8a38dac6456556de7a04697de","Hash_DRBG,SHA-256,128,reseed_only","Berkly Fiveash"
117,"abuckoke38","e0732b2df6336262c93365ddca8e8958","Hash_DRBG,SHA-256,128,reseed_only","Aurelia Buckoke"
118,"ciacomo39","cc45fa7c01e4baa324c1656c00264246","Hash_DRBG,SHA-256,128,reseed_only","Corena Iacomo"
119,"ebenoi3a","d0349d5005d8575c4f7f6055b17f6b5b","Hash_DRBG,SHA-256,128,reseed_only","Elfreda Benoi"
120,"lsute3b","3913714644b525b5ab5c0c9dfdf74e40","Hash_DRBG,SHA-256,128,reseed_only","Levon Sute"
121,"dwalsh3c","0993c9369cbb251e9daa5624a521715c","Hash_DRBG,SHA-256,128,reseed_only","Davita Walsh"
122,"tmilliere3d","be882381355b552ba717d3ab76b0e6e4","Hash_DRBG,SHA-256,128,reseed_only","Teodorico Milliere"
123,"felner3e","8a5efe9f233942d28e24eedbbe9db992","Hash_DRBG,SHA-256,128,reseed_only","Florina Elner"
124,"bnoel3f","3ef735c685282d27ddd70a39d839fc92","Hash_DRBG,SHA-256,128,reseed_only","Bran Noel"
125,"djenno3g","033b641cc305f8d0aaf909bda07b8f16","Hash_DRBG,SHA-256,128,reseed_only","Dalila Jenno"
126,"fbushnell3h","c2c4acd87ead7d711561261c0c4bdf10","Hash_DRBG,SHA-256,128,reseed_only","Florence Bushnell"
127,"rferri3i","a366db6cab08bdc2b404d552af483961","Hash_DRBG,SHA-256,128,reseed_only","Rafael Ferri"
128,"ddaniau3j","c240a120f48629f747812db537560e55","Hash_DRBG,SHA-256,128,reseed_only","Davie Daniau"
129,"auccello3k","c56e5f1689ae4e0a9b15dd8cd758ae93","Hash_DRBG,SHA-256,128,reseed_only","Aldus Uccello"
130,"tlinden3l","6ca2f88e6450ddf3b049ae14486cc2e8","Hash_DRBG,SHA-256,128,reseed_only","Teador Linden"
131,"lmicka3m","0d08c94da325436988457b078804508a","Hash_DRBG,SHA-256,128,reseed_only","Lyndell Micka"
132,"abilbrey3n","49dd49e76f89f8191608dad1e95b4f1d","Hash_DRBG,SHA-256,128,reseed_only","Alfy Bilbrey"
133,"clevane3o","32d5439f479232b8ad45df56c435081f","Hash_DRBG,SHA-256,128,reseed_only","Constance Levane"
134,"wkrysztofiak3p","461143814512946cc3a5113eabe3a3f2","Hash_DRBG,SHA-256,128,reseed_only","Willow Krysztofiak"
135,"lbaumler3q","e6d84bffe90135a0ca7667b35a291f8a","Hash_DRBG,SHA-256,128,reseed_only","Lucinda Baumler"
136,"kheathcott3r","e6a7df972dab301dadfb0eb20df89da7","Hash_DRBG,SHA-256,128,reseed_only","Kathryn Heathcott"
137,"jdeverille3s","356758eb3b8f780406fe2de9be6a4316","Hash_DRBG,SHA-256,128,reseed_only","Jeanelle Deverille"
138,"dgamlyn3t","de3f015ab9e6edd50bd3525207d17fa8","Hash_DRBG,SHA-256,128,reseed_only","Donalt Gamlyn"
139,"dhansley3u","2d9775ab3162efba0eb0a38891167efe","Hash_DRBG,SHA-256,128,reseed_only","Dionne Hansley"
140,"mwetherhead3v","a223409942f32bd3968ee089eeb260a5","Hash_DRBG,SHA-256,128,reseed_only","Melosa Wetherhead"
141,"cglasspool3w","ee051c495c509d79c29ea307e60e0d36","Hash_DRBG,SHA-256,128,reseed_only","Creighton Glasspool"
142,"flumpkin3x","1b1079988feee28123deaf156682a8ee","Hash_DRBG,SHA-256,128,reseed_only","Forester Lumpkin"
143,"cgolsby3y","06a09a1244959c158e2bf793ae950d83","Hash_DRBG,SHA-256,128,reseed_only","Charyl Golsby"
144,"melgee3z","4d617001c8799d80701c1f64308d6002","Hash_DRBG,SHA-256,128,reseed_only","Monti Elgee"
145,"cjude40","2c67f0339ce58d6157767c41a19fdbde","Hash_DRBG,SHA-256,128,reseed_only","Christean Jude"
146,"rkliemchen41","137b3df1e205a01c2021d6a672362af0","Hash_DRBG,SHA-256,128,reseed_only","Robb Kliemchen"
147,"pbertson42","da8a17ba4b248ea16e2dca0e976af165","Hash_DRBG,SHA-256,128,reseed_only","Paige Bertson"
148,"copdenorth43","47b2ef92a9288ce7e3029eb1fe8f3ef6","Hash_DRBG,SHA-256,128,reseed_only","Cori Opdenorth"
149,"amordey44","d56538c51fdb7fc62ee5ed690690743a","Hash_DRBG,SHA-256,128,reseed_only","Anthony Mordey"
150,"rpateman45","9bc27d720bf99e9199ff38ada5abf441","Hash_DRBG,SHA-256,128,reseed_only","Roxanne Pateman"
151,"sbacken46","dd1982fded9419f5ed0b5513af792033","Hash_DRBG,SHA-256,128,reseed_only","Shaughn Backen"
152,"eletrange47","b9111c74e462b7a6c7ab6f5903a048ee","Hash_DRBG,SHA-256,128,reseed_only","Erin Letrange"
153,"jnewis48","7f1d1ae09d044f62e54c4ab5dc638282","Hash_DRBG,SHA-256,128,reseed_only","Jolie Newis"
154,"kmartijn49","2747f366260057f46b153870fdfb0f6d","Hash_DRBG,SHA-256,128,reseed_only","Kyrstin Martijn"
155,"gjouning4a","4f81a0566cefb2553862eb64b137f735","Hash_DRBG,SHA-256,128,reseed_only","Gilly Jouning"
156,"rallright4b","cb4ccf83e04b024ec54ea556c3e5cd91","Hash_DRBG,SHA-256,128,reseed_only","Rollins Allright"
157,"pmarkova4c","686448e3cfe47ce58ebc24a008cff3c1","Hash_DRBG,SHA-256,128,reseed_only","Pattie Markova"
158,"whofler4d","9042c23c4b8e5f5417231a55b99ca4ee","Hash_DRBG,SHA-256,128,reseed_only","Wanids Hofler"
159,"wknowlman4e","526b8282b67503d1cbf36869906c7c64","Hash_DRBG,SHA-256,128,reseed_only","Westbrook Knowlman"
160,"mscawton4f","25048ae2a3fae4ff65523ebb04802bd3","Hash_DRBG,SHA-256,128,reseed_only","Morly Scawton"
161,"hcarrett4g","a6dbefb2c389ec846da4d30f895116b0","Hash_DRBG,SHA-256,128,reseed_only","Hurleigh Carrett"
162,"ostandish4h","5b62bcaa5880085fdff55789c87d8897","Hash_DRBG,SHA-256,128,reseed_only","Oralle Standish"
163,"ywhyley4i","11cf2dfa2f642efb28d00adacd56495d","Hash_DRBG,SHA-256,128,reseed_only","Yorker Whyley"
164,"atwiname4j","c91150c1ee614a96f3a03a949eb78358","Hash_DRBG,SHA-256,128,reseed_only","Angelina Twiname"
165,"cbadwick4k","3a010f16ba59387a2232bc2f473ef6e1","Hash_DRBG,SHA-256,128,reseed_only","Chiquia Badwick"
166,"glantaff4l","04dc674f1b025c0c4c26264b57fddce0","Hash_DRBG,SHA-256,128,reseed_only","Germaine Lantaff"
167,"acarnaman4m","308da9268ee947bf64c9ff061ddcb6d3","Hash_DRBG,SHA-256,128,reseed_only","Adrianna Carnaman"
168,"lgoodluck4n","ae53b0c95052e77dcbca8a54ab57e813","Hash_DRBG,SHA-256,128,reseed_only","Lon Goodluck"
169,"rkynman4o","eb2e0b09f2e9e477f66173151ff37dae","Hash_DRBG,SHA-256,128,reseed_only","Reeba Kynman"
170,"kfidgeon4p","6646cef0f82339a581f551d23a5183af","Hash_DRBG,SHA-256,128,reseed_only","Katrinka Fidgeon"
171,"kmacdearmont4q","2b4203047f8227f6521d9fcb86b9ad22","Hash_DRBG,SHA-256,128,reseed_only","Karlan MacDearmont"
172,"oheel4r","b24852f27f998f7971f216d23f0cd441","Hash_DRBG,SHA-256,128,reseed_only","Olivia Heel"
173,"aclemett4s","f6a53c02dfc05bd6ab0550457208d349","Hash_DRBG,SHA-256,128,reseed_only","Angy Clemett"
174,"zboschmann4t","95b89c3e5bd748f0a2279ac2b27cf4dd","Hash_DRBG,SHA-256,128,reseed_only","Zaria Boschmann"
175,"agreenfield4u","efa077ed7ffb179a9e72fb7316c24337","Hash_DRBG,SHA-256,128,reseed_only","Angele Greenfield"
176,"shilley4v","532f6fc717af2f980269affae6b714ca","Hash_DRBG,SHA-256,128,reseed_only","Stacee Hilley"
177,"rtrotman4w","977811f9d638cc534894ddd90b6915d8","Hash_DRBG,SHA-256,128,reseed_only","Rog Trotman"
178,"chubback4x","297e02abde69ff94893caa7e854e5cb8","Hash_DRBG,SHA-256,128,reseed_only","Consalve Hubback"
179,"gselliman4y","cff9825d2514542781c26a37e06b785a","Hash_DRBG,SHA-256,128,reseed_only","Gwendolen Selliman"
180,"nmarzellano4z","557368adabeb970f4745806ca2b13666","Hash_DRBG,SHA-256,128,reseed_only","Neale Marzellano"
181,"lgerriet50","c7fe39b3b6b4f3bcbf914b9b42256de6","Hash_DRBG,SHA-256,128,reseed_only","Lynn Gerriet"
182,"cselvey51","b17768320b24947ae79971c7bc25e02c","Hash_DRBG,SHA-256,128,reseed_only","Cly Selvey"
183,"bhaker52","2e335ed529c6f40317c4b03ecc130478","Hash_DRBG,SHA-256,128,reseed_only","Birgit Haker"
184,"tkenningley53","5be28496e3b5f0a054fa70e4c9c5918a","Hash_DRBG,SHA-256,128,reseed_only","Theressa Kenningley"
185,"mcalderwood54","9961216d704cb7cc4040459c6583185d","Hash_DRBG,SHA-256,128,reseed_only","Minnie Calderwood"
186,"brome55","ac587e22e0633148760917cbe9a58375","Hash_DRBG,SHA-256,128,reseed_only","Babbie Rome"
187,"mmacginney56","f77727657a96154211faa427cbc568a0","Hash_DRBG,SHA-256,128,reseed_only","Maddie MacGinney"
188,"jforgan57","1165c48068d7404bf39e0ef373961fb9","Hash_DRBG,SHA-256,128,reseed_only","Joane Forgan"
189,"cgianni58","ab9bad9c4d1d6417dc8e3e2749842b66","Hash_DRBG,SHA-256,128,reseed_only","Court Gianni"
190,"lfozard59","3acab3729f0834c7795279ad7f54dc22","Hash_DRBG,SHA-256,128,reseed_only","Lezlie Fozard"
191,"farmin5a","259e5cdee1087305e2fe0cce592600fb","Hash_DRBG,SHA-256,128,reseed_only","Filberto Armin"
192,"agertray5b","ca2fa9727cc38ca9eecacd2c42b55974","Hash_DRBG,SHA-256,128,reseed_only","Annabel Gertray"
193,"cfaulo5c","88b78435b76eb0245024fb5d971621b0","Hash_DRBG,SHA-256,128,reseed_only","Currie Faulo"
194,"apeacham5d","f7a73f23f2b441bc890c2f4e72c8fe2e","Hash_DRBG,SHA-256,128,reseed_only","Ania Peacham"
195,"asagerson5e","ad10d4032a030f31392a440c589d1954","Hash_DRBG,SHA-256,128,reseed_only","Arlan Sagerson"
196,"cdavid5f","ecaf2710068f4737b63994e7c0e73aa7","Hash_DRBG,SHA-256,128,reseed_only","Claresta David"
197,"cparlet5g","b5174b610e6906d82f44d248a07e651a","Hash_DRBG,SHA-256,128,reseed_only","Cherey Parlet"
198,"efacer5h","fc16005327bb16104554a4b6df10f686","Hash_DRBG,SHA-256,128,reseed_only","Esteban Facer"
199,"lbusfield5i","50f3d9f2ed352e9176bccf76fee066d3","Hash_DRBG,SHA-256,128,reseed_only","Lorenzo Busfield"
200,"khagger5j","eb824415f90add257d070155c06489c1","Hash_DRBG,SHA-256,128,reseed_only","Kathrine Hagger"
