"id","username","hashedpassword","salt","fullname","createdby_admin"
1,"kmuehler0","15e87f9d3a44f3c51744da794a519e03","Hash_DRBG,SHA-256,128,reseed_only","Kevin Muehler",19
2,"bannon1","7a4ad4471b25fc7aa27bf8e290e7ca7c","Hash_DRBG,SHA-256,128,reseed_only","Barnebas Annon",14
3,"jbernadon2","726de010fc539f0db26066771aaa049d","Hash_DRBG,SHA-256,128,reseed_only","Jerrylee Bernadon",13
4,"htaborre3","6883bb362c7a85322d53121b76046a8d","Hash_DRBG,SHA-256,128,reseed_only","Henrietta Taborre",8
5,"dprimrose4","672bf53074e0a59c0bec2529f7a3439b","Hash_DRBG,SHA-256,128,reseed_only","Dilan Primrose",6
6,"lmundell5","f1993d734b4ce58b86885606c6451017","Hash_DRBG,SHA-256,128,reseed_only","Lyn Mundell",9
7,"ecarnilian6","e53194fb97409b6e5de74c57fbef735b","Hash_DRBG,SHA-256,128,reseed_only","Emma Carnilian",8
8,"fdurrell7","e4d7cb395869567a0429e9d18cfcda73","Hash_DRBG,SHA-256,128,reseed_only","Felicia Durrell",5
9,"jthorby8","2d11f1f3bd92d690d201cc1b1737c168","Hash_DRBG,SHA-256,128,reseed_only","Joellyn Thorby",16
10,"jleyton9","082569ae527ec406bc6c3467b9474f08","Hash_DRBG,SHA-256,128,reseed_only","Judy Leyton",19
11,"dtraversa","62db3d2883e74713da1a129b47e527e8","Hash_DRBG,SHA-256,128,reseed_only","Derick Travers",8
12,"rhapsb","063ba0d1d9ba6c99e36f78e9f14d9ace","Hash_DRBG,SHA-256,128,reseed_only","Raquel Haps",11
13,"dchamberlinc","c4d27c00c4477245026498b3cea583af","Hash_DRBG,SHA-256,128,reseed_only","Del Chamberlin",8
14,"smillhilld","3efda689f72f92531a12c9f785f5aa12","Hash_DRBG,SHA-256,128,reseed_only","Salomi Millhill",17
15,"bkylee","42ab7eb51e5be7cf953b00c9d029c38b","Hash_DRBG,SHA-256,128,reseed_only","Bennett Kyle",1
16,"fdodf","dc51f0b7fbf2c3f1d8c416010d05b9dd","Hash_DRBG,SHA-256,128,reseed_only","Ferrell Dod",1
17,"kcaccavarig","da4955f78e096888598436ac1d94ef3d","Hash_DRBG,SHA-256,128,reseed_only","Kathi Caccavari",3
18,"kseelbachh","ed815b0eb6a9e491d299d9594fa4d56a","Hash_DRBG,SHA-256,128,reseed_only","Kinnie Seelbach",4
19,"vcandeyi","b6568771a7af6fd78c0d1f5d7333e608","Hash_DRBG,SHA-256,128,reseed_only","Viva Candey",9
20,"rcurryj","9f24e61d22be092697bff19161556b7c","Hash_DRBG,SHA-256,128,reseed_only","Ronica Curry",1
21,"admtrovick","1f3bf4d14d561ad733ae382ddf7573fb","Hash_DRBG,SHA-256,128,reseed_only","Audrey Dmtrovic",11
22,"vridgleyl","beb4377501e843e2ddd25c1b1a7a5b89","Hash_DRBG,SHA-256,128,reseed_only","Valma Ridgley",7
23,"mtopingm","fbbe5fd896a5e8980e1d412c25845c41","Hash_DRBG,SHA-256,128,reseed_only","Meaghan Toping",12
24,"lcarncrossn","f322d8f4eba23e8950ca8d0d62e7f4ee","Hash_DRBG,SHA-256,128,reseed_only","Leonanie Carncross",14
25,"kbockmanno","353d45e16ebe4f0a2e156451dbc497dc","Hash_DRBG,SHA-256,128,reseed_only","Kyle Bockmann",13
26,"fsyradp","d4df1d53751a0285cf09a0e984954d00","Hash_DRBG,SHA-256,128,reseed_only","Filberto Syrad",11
27,"mpottenq","97265b369f8bf36f702a9fbf821e8776","Hash_DRBG,SHA-256,128,reseed_only","Marshall Potten",16
28,"klorenzettir","19813c7c042a006658bc554c69912371","Hash_DRBG,SHA-256,128,reseed_only","Karyl Lorenzetti",2
29,"tkuhnerts","4c7bed18e963e46a7601b1d880657429","Hash_DRBG,SHA-256,128,reseed_only","Terry Kuhnert",13
30,"cpriscottt","c3b5432160af53f90072b2dd44385e07","Hash_DRBG,SHA-256,128,reseed_only","Clari Priscott",3
31,"hhagstonu","291ca3fd4d6fb3acb180f7c2032d0262","Hash_DRBG,SHA-256,128,reseed_only","Hollie Hagston",19
32,"emckallv","84a045469260e10a277aa999fc372c58","Hash_DRBG,SHA-256,128,reseed_only","Elton McKall",20
33,"dibanezw","0ad64e4b6ac0ec49c459687550a39bdb","Hash_DRBG,SHA-256,128,reseed_only","Dottie Ibanez",11
34,"elorkingsx","df1104c7b1f0956c6c975f73c94b89fb","Hash_DRBG,SHA-256,128,reseed_only","Ericha Lorkings",8
35,"jkubczaky","27921da2634e98b7728fb20221db16e1","Hash_DRBG,SHA-256,128,reseed_only","Jaime Kubczak",12
36,"alapworthz","01120703d5fe0f6e809b325d567e4f08","Hash_DRBG,SHA-256,128,reseed_only","Amil Lapworth",16
37,"rwoodrough10","48135e5da240eb3898b8fa1b725fa666","Hash_DRBG,SHA-256,128,reseed_only","Randolf Woodrough",1
38,"eprine11","9c83c1af08988461c23bbcde185c5a2b","Hash_DRBG,SHA-256,128,reseed_only","Edwin Prine",3
39,"lde12","3a4c5fc01c22b67d7b3fb725e1239495","Hash_DRBG,SHA-256,128,reseed_only","Lucienne De la Eglise",3
40,"gkeaveny13","0ae0d7c0a613d78f24ee8eace7f07438","Hash_DRBG,SHA-256,128,reseed_only","Georgena Keaveny",13
41,"abenini14","aed188a4ff1f1f8f05f36f769ea6747e","Hash_DRBG,SHA-256,128,reseed_only","Anallise Benini",4
42,"zsteketee15","92414be97a55b7a9daf0256b0277a864","Hash_DRBG,SHA-256,128,reseed_only","Zaccaria Steketee",11
43,"belis16","14ab3872cdd64197cd792a7d87ceff06","Hash_DRBG,SHA-256,128,reseed_only","Brandise Elis",14
44,"rhellard17","dd14ef019b5949ae70d8aaf27efa5cb4","Hash_DRBG,SHA-256,128,reseed_only","Roscoe Hellard",16
45,"lmcgoldrick18","0ebdfb95d90e3fcc4b6d64e3b42ee0f8","Hash_DRBG,SHA-256,128,reseed_only","Lolly McGoldrick",15
46,"ifrediani19","d1ede81e01c350718be300a72e03dcdc","Hash_DRBG,SHA-256,128,reseed_only","Irving Frediani",11
47,"vrought1a","f0b82f8c679b730c199b9cd522798e85","Hash_DRBG,SHA-256,128,reseed_only","Veronike Rought",13
48,"ddrain1b","d9098adf3d2414722fda13b856c6fbf3","Hash_DRBG,SHA-256,128,reseed_only","Dory Drain",20
49,"irenneke1c","fbe191fd75375020fbfc54ae26ba13e1","Hash_DRBG,SHA-256,128,reseed_only","Isabelle Renneke",15
50,"memanueli1d","55546d0657bba9a0456fd961aeb77b79","Hash_DRBG,SHA-256,128,reseed_only","Mohandas Emanueli",5
