title,category,description
Mr. Bean's Holiday,Crime,9dXEpZvq42uMIRWzCehx2608iFoHyPgC4v9NVX5V8DFihEgK76
Terminator 2,Crime,luMCnYgkvn1pVrSWRIepjLzy0SbdieK1IXbJi6k61UkULaMzwJ
Love,Musical,cbiZ4XMV7CBQdAh7PIyVhiyOkenaFlrZmUZqzCOLuP8ySU1L3O
Limitless,Animation,VgR4nTyauwPVVmnIk0IN3mkSj96Qnch1BDDFDfDfNyb8Andqqs
Limitless,Adventure,FWus69UnXiwRPXUSiiFExnAFLmR6gPj51ewpSVJDKaHpBJsmSL
Rambo I,Crime,ngOcWpgTrYHH81aulp9NYB4XfVDC3onUHbRVQTSny0WvS9qKs8
Pretty Woman,Animation,L4tll16BmdZDvw9gjFdRWWYipIEfo2U4nAINsqtYXRAUaSAgAJ
Ice Age 1,Animation,etQzgL6dxaWtJeZvnwy3VF4EVDHWHifeRra3tTqhtPl65RL53P
Love,Family,VrRZzMecDjVP51ccEfBUGRJFd7JE2Md2pSJjZAEhyNeJ4WBDzs
Octav,History,NhHEhL61Cak0Gdjns2CEbeg2w9LG6GOKVFpIKECODMfYnnCaxY
Zootropolis,Fantasy,pw6sBPRi9055LafBybco0yAO9HOJ6vThwReiI6G5xdONQjNNHB
Ice Age 1,History,6qG0vss4AHlOgXI35731Ug0Wjx7a4AC5J6lGKowaNM4p2Aq3aT
Alien,Romance,IuBZzuQ8uSAAFpEjvCsRKcoIlLdjGE9ks2xZ5MQaXyp4M4jM5G
Rambo I,History,lB9pF3xnRr2qTZRN2pojvS4Wwt5rmQn96l8r2HTCYnIq59lwmW
Zootropolis,Family,chlSHn3W7GBAD2tsbkUuWlKIJNawIJEQ5YgZ9qkPO7FSmHmCQ3
Zootropolis,Adventure,Bj30WdI3NGOxBuEoWUsvAFgZg2gClXgOyCOWfpCghrCItSQ1C7
Romeo and Juliet,Fantasy,KkC6DdUe6GRzj999fsJqSMNSCXqOlp9nqkEOASSBVhjaZMitSR
Zootropolis,Biography,yAn8Wt3pxG2RHoJ95v9NaHVunx30z65UTpzp6G1QZmOOoRTvCj
Harry Potter and The Chamber Of Secrets,Action,SI3qp3Uj0C00Li7cydCy3sxx3HFVeHxPHXCLvJADvSaWvYCGT0
Allied,Action,g9ojUGxix9EsOlsxfwqpc9DkRaBeE8CnKOsHtc0pWcPwNsHKpP
Limitless,Action,JRGh6DS3ESey6bhA2kDD5BTAtRXjS1yyYed3HLLqK6kD8azwKH
Alien,Crime,LhlI8GxoqslNdpab8o3rZX38bPBTckYLjtn03V4AXgAbVXkTAX
Harry Potter and The Chamber Of Secrets,Comedy,NkpyomqtFeMFTZntCjimt2T2WbmDosSEw288DyMQoL53T4H6t0
Iron Man ,Sci-Fi,yLxVQxbM9nEWLITbbppNXR8h6aibTqUxb2PkEmrQX9QBHjrLlq
Snatch,Crime,LDDhMPY0P93TSQ5T2sWy7ZzXA7aXsW0nLQmXysXzO1AXG7s0nY
The Dark Knight,Horror,TqHvOqgPzAH2JPICnieJUhjFYcQDPjuUC6TeI0JILIAOtHN0yp
Shutter Island,Crime,3JiwHBXvZcAPQx0M5o3xZW7MgVWQOZOjXoa3YhWHdXstIv85RA
The Wolf Of Wallstreet,Romance,wZqhLWPwpHg9Ob2lW6yYRwTBnODvWa8NeEx783rBSkcW1seq3X
The Conjuring,History,Mg2AFo36SdZOISfJo4mdPxGrT7K4tW291nB8Mw1T9usyLNNiNV
American Pie,Fantasy,uFFZaLqHe9M5lZXeRh61CSdeERfGtmrYU4OvhmhAGtyAiwNvzt
Iron Man ,Drama,YL5cmlVJpkX2SylqLm6p96uTdc6RDuQAVA9I8wI6RYVfV6stKg
The Conjuring,Family,wlqcam8KpDF5UXhRzdsZdAYllP7htMGhKCNtTgrVx8QNTaL8Yb
The Wolf Of Wallstreet,Drama,xKtwNF1Lpbac6huRJx7SvWlftKRLD8ISSZtASbgOpgqWixQvp3
Harry Potter and The Chamber Of Secrets,Action,dl5bjOCCxqHrSIKhyt8rRtnPqP753ffJJhyqdSbDYda8Y8DZnt
Allied,Fantasy,5HTu8quTRGISL8ivUeEgS5SyTo0sLhSKijOBNDrwiHvSUIxZaR
Rambo II,Romance,obn9yfbTzCIuy8tmtghQwR7LJAeL1aR3bJfH5ONsmY6g9BdWYK
Romeo and Juliet,Horror,uzWXdc0xAQcZuOSocmqfSznYUbLHhHwquWJmxIndYZrW5hvusz
The Wolf Of Wallstreet,Thriller,eKl4L8CBQsQ3dvoYEq1T8NH3HRcxqbYrNAMjuOazFmMpJy2J2W
Romeo and Juliet,Adventure,8kyQDsx4fPUzTipdjEnzPBOVBbuSYS4TvVtnM5gCbgTzRXVkJY
Limitless,Musical,tzx6WcPm8efMVAD7zBRnilYsrYDnFJJ9sGk5iwRtq4E6BHeRUY
Fantastic Beasts and Where To Find Them,Crime,H7QIbFO8YlgyVfePaHZCuh6ohbrk3wTrZB2v0ceciSVEXPlfnP
Octav,Romance,8rXjAll9YoElSzZUnsZ8n7ebM1QR0L6o5HsroSuO0eE3Ouwi0R
Love,Horror,z2jBN5XIVTINrapLGspU8LHI2kNcFsbjSCyDhrds5l2gV0MxEl
Avatar,Crime,li6ovaImr4Cm2j4plmnZO6YWSkwCYZXeQT7uGJRHi0BAiPow6g
Shutter Island,Sci-Fi,7C3oJjWLoGOShiWjlJjbVg0X5XxC5AF1N5gNZTkgxFccmtdA3F
Titanic,Thriller,7uGbMfsvwTPoAXElBIJSiCoPDXvM4xI0zS3dzEB4kzud0ybPo2
The Martian,Thriller,52O5G1Yyuf19KYysdkw6HPrtSKZO6giByY47E8X7qMJE7vSb9t
Fantastic Beasts and Where To Find Them,Adventure,GBnqKem6cJ2N70Kwe1neNyQ4Fmwg17ONud5wuOwjVbfhU5HHlg
Allied,Romance,FQ0RvslisGEe4odd4XCQEEJwTtjJfp5VAGHenoBBmO1PWBmpcn
Shutter Island,Family,drDBHE8CJbCDKtdyh80QVAn0M4ZSG3q1cs1TCGXip92LLyEmhy
Black Panther,Comedy,x61dDMyMpq5PuLkc2JvblRkWHbpYzwuRvMEf0YPzRK39EnaANl
Fantastic Beasts and Where To Find Them,History,Dr2fWfVmhaX25ndiGEld35KbYkSeApKNBWOEUjJVDnS0wBDaK2
Ice Age 2,Romance,9QdIhbHvN1l2PJ0jZZNh5QaQmToWg1UIvCOu2Gh3cXIMCalnKe
Casablanca,Thriller,oWNt0NfNwuOVgdGN5FqT2UFhIOOMsAMC1jdZye4pkTGrJxpiUX
Rambo III,Crime,yr2URqll8SfvhMe79qYaKAsiNXXUjp2USHNJqJHI3TqSxVJ6Tr
The Conjuring,Animation,9R3y9TG4SQBTZLdZ8UQ0jQh1Tav2NbB2GPVANZKXDN0mRX2m1t
The Martian,Fantasy,asDsuCejiNq1OJMKzcLjK3xVZ4k5hIBddDbXLmQL4lyzg9YHLr
Thor : Ragnarok,Sci-Fi,hYyg5sSzciBZLNYLsy8NMAoiF7yagcuzWm5EP4cdTatVjYnTkM
The Dark Tower,History,tiMhtPb831T9xLDjST6xWf3wQS9qTfzTCYGxaXV9cejbHuiXVE
Casablanca,Biography,QlANpZRaQvoXB96ZFQJ476V15cpgulUOfiCbY3IAG4tqzMZHxJ
Alien,Crime,4GTUQIRMuupobZ2d6fAMIJyDMoCtChtlSPUYOsKQl5PVPEPZT6
The Ring,Biography,IG6vRQHmGhKNBEVLFdOOUukN3cyHYmaGWbcMSiH8liKDuCTKsE
The Dark Knight,Musical,r67Yft1yc9NdHE0klJ2gWQmwkgc1InZUSjYaeEqirSflVq6qLt
The Conjuring,Action,LxdaTLy9R9pzk2LhpaGgcTzEuAa3kwpZDzIeG8GTQrRrmqBceY
Casablanca,Thriller,nCG27ZpTu4ZeTQvvurbrUwQvCIbE98ZLw4vBsQgrSwiVSwXV5Q
Rambo III,Thriller,7Sb0vV0z7lTwfNsZftCeKuZhO5dPuGIsPlOdd5PWZrtqdw0FD8
Chronicles of Narnia,Romance,NNnM33m02kF0ckg38P5kdpEcAsEbFYLvQ7fB8CkjSZezl2O2Q6
Terminator 2,Musical,CQriJKMKzKveZTkfFe56oWRELP1HeLLIRXs9P62xzatInAZRRs
Thor : Ragnarok,Thriller,AKKq8nW4TEpo8mMCllPIlHGOmJaKzj0vYZHGMCAmk8evuFJAxX
Romeo and Juliet,Drama,coJ3E6DzMLEtO4PjfGzikninnUdh9ZXb3JSuPOCQ9LZY3vh0zk
Snatch,Drama,iHFzFgQtcfzwyn0ElfTQDijZOKu1xmsZ3q2vDdpt8TxdVmjQ5c
Wonder Woman,Biography,QOo9iql5wY5zxa2IuEAH0jStvGElke6UXXIoB2NX2t7jX7p4tb
Snatch,Musical,cHer64Obl9USckcZRNG11nPGmsWxaJ1J8F2Q3bsHovv2ZpHwfQ
Shrek,Comedy,Uo9z1YFOhbBcILTWsLfzf8NF1Xq6kjSJfVyUGDZfWejNtStOVu
The Godfather,Biography,uxAWa37erIn8I16wW9Qow9dBYAWinck0f7YsVc3MG4yN1lE2W6
Octav,History,eZivT87ahY1OhxdLdOb4FDi1LQKx5eMqlOVFZnYWedprDjpDI3
Inside Out,Crime,f7Qa0qjDyKeDLKnTbXvzzEZmY0xlkGpCFEKn74OsDUiU8mg36W
Batman Begins,Thriller,HjRahoCA38drfb8G99WgICvfgEovU4oOe44fwuGT2OzF10zgoZ
Ice Age 2,Fantasy,9FlFxw3d9Qq8TPNkhcTP3Co4MqoqOHH4AsOYSzsA0mTli0vlmP
Brimstone,Romance,GoD6ar3GINO2Iv8lBySsuTYQtDVV5CD9I6yWpR8k5l1nYacx2K
Limitless,Musical,6QbwQwNXVhLFJPtM7l6u0rwIbu2SkidvcPC1eBG3EkOYZweIrP
Chronicles of Narnia,Biography,N07PeSVf34wxEam3M2r5eDqQcXspQulUsLhmSxWMql9JxbU9Jk
Allied,Musical,h4wKKrwHjpPJTbE23AlZffO3DgcBDtgpxwxxZWclAPmAV00VXc
Terminator 2,Romance,8hTBq2HnOvE0JjVgoQdghAYP3NhMqHolnXrPdvHgPzWPLv0wfU
Romeo and Juliet,Crime,8jk8JDIcU47HHcMw2FC3I6RsoJEHXvrVahmEwtGanpLU1PHsjD
The Wolf Of Wallstreet,Sci-Fi,Rx7BS2T99AEjNlqk0IAJ8lQdv60YBViT1SDnkkw4ZGbmklHQih
Love,Sci-Fi,DvaqgeQVB57ncvs5hD9QWGt2Kn2JzkzedGPF1XGGUa3dIxKy3L
Transformers,Comedy,hlF7Bif3lGgaFdKVfmDJ6365NQtXcEQn0U61BSET2NeN4cYpmz
The Dark Knight,Biography,IjinpJuvzIahz3jvgTTNhuRtYsBu1DunuAfRvTL2iTetw7YA2m
Black Panther,Biography,gFsXSzO7I93vYxwzXSANHbpOQh7aUA2P5aGpRH86ENtjZsU9Li
Batman Begins,Action,m5LEadHu2xnHGn07qHiQUEJ3rGyhM7PvXTn9OCOx9OEQkmcv2X
Alien,Crime,AWPhvSXUpkh4i1txA0to2uQF92TEnCozpKvBDFN6o3IZqKrs2o
Fantastic Beasts and Where To Find Them,Adventure,noLPFJi38Srm5rOYGst5mx99m1ZzLkL8RmMB8g64hU7WMfe95T
Ice Age 1,Romance,50a0oMnOusrXGsUTfNZkwzXRznxGXa418BDbMVXw3rJymjPdLK
Harry Potter and The Sorcerer's Stone,Drama,4BYFcIBAZg1Ux0YFp3HJ0mrEpjoPYT5M6M77m79DUWXW0zBwKK
Harry Potter and The Chamber Of Secrets,Biography,DU1RUUZ3dvlGlpXl2bcr4DzdPUN0h1EOenImVqmSiGjjuQvLbZ
The Wolf Of Wallstreet,Drama,rHXAfXB9GjVmqXl7gvQMyKJydPt8jCYI7VhXQIH7onL9u72Wpx
Terminator I,Drama,Js4g8jgPoCaEKNoU0OqYoShL8JDgXWTvXt8ObAYrl2TlMHzhSh
Friends With Kids,Sci-Fi,HQB1KsiyfA2RtoqbOa30z9xw8580UfNzz2oHrGDsckLl9C2ibX
The Dark Knight,Horror,oqlHcP3PtrdAwCb1AjtHWKYPxLw6DaZ6LVKJRgocNy9uGLz7kA
